{
  "chongqing": {
    "fractions": [
      0.9993506622314453,
      0.0006378263897365994,
      9.72588857014974e-06,
      7.585242942527489e-07,
      2.979349206995081e-07,
      7.290310329861111e-07
    ],
    "bin_names": [
      "<16 (无雨)",
      "16-74 (轻)",
      "74-133 (中)",
      "133-160 (重)",
      "160-181 (极端)",
      ">=181 (暴)"
    ],
    "thresholds": [
      0.06274509803921569,
      0.2901960784313726,
      0.5215686274509804,
      0.6274509803921569,
      0.7098039215686275
    ],
    "total_pixels": 5662310400,
    "n_days": 160
  },
  "weights_default": [
    1.0,
    2.0,
    5.0,
    10.0,
    30.0,
    50.0
  ],
  "weights_suggested_strong": [
    1.0,
    7834.0335106246,
    1027516.0516424251,
    16468666.03026775,
    38573969.74036752,
    13707930.34883721
  ],
  "weights_suggested_mild": [
    1.0,
    4700.42010637476,
    513758.0258212125,
    6587466.412107101,
    12075329.657854177,
    3289903.283720929
  ],
  "sevir": {
    "fractions": [
      0.7776792703572314,
      0.11098318208101926,
      0.07972942274443957,
      0.01807343792212523,
      0.0064357108810321004,
      0.007098976014152406
    ]
  }
}